SID,Name,Brand,Category,Description,Price,Rating,Full Ingredients,Concern,Key_Ingredients,Free_From,Keywords,SuitableFor,Product link,Image_URLs
SVC001,Super Bright Vitamin C16 Serum | 30ml,wishcare,Serums,Super Bright Vitamin C16 Serum for face is clinically tested and packed with the power of 16% science's most powerful brighteners. This serum helps to get rid of pigmentation of various forms.,,4.8,"Aqua, Propylene Glycol, Butylene Glycol, Glycerine, 3-0-Ethyl Ascorbic Acid. Aloe Vera Extract, L-Ascorbic Acid, Niacinamide, CICA Extract, Kojic Acid. Licorice Extract, Polysorbate 20, Hyaluronic Acid, Neopentyl Glycol Diheptanoate, Ferulic Acid, Phenoxyethanol, Ethylhexylglycerine, Hydroxyethylcellulose, Xanthan Gum, Tocopherol Acetate, 4-n-Butylresorcino","Brightening, pigmentation, dullness, hydration, antioxidant, sensitive skin","Vitamin C,Kojic acid, Niacinamide, Licorice","Cruelty free, paraben free, vegan and non-toxic","bright, vitamin, serum, 16, 30",All Skin Types,https://www.mywishcare.com/products/super-bright-vitamin-c16-serum,https://www.mywishcare.com/cdn/shop/files/SUPERBRIGHTC16VITAMINCSERUM.png?v=1728119688&width=1080; https://www.mywishcare.com/cdn/shop/files/sbvc_1.jpg?v=1742383288&width=1080; https://www.mywishcare.com/cdn/shop/files/3_93d86ed7-95b0-45dc-a105-8f0fb08d4c22.png?v=1742383288&width=1080; https://www.mywishcare.com/cdn/shop/files/4_52424bef-4631-4bf8-b578-ff2ea200a195.png?v=1742383288&width=1080; https://www.mywishcare.com/cdn/shop/files/5_ac90dc2f-f9b2-4754-93d2-9164ba8af5ac.png?v=1742383288&width=1080; https://www.mywishcare.com/cdn/shop/files/6_7e03287e-b906-4dcd-b959-52c23b029dee.png?v=1742383288&width=1080; https://www.mywishcare.com/cdn/shop/files/8_3539f066-9608-49cb-b817-1307e4865d1a.png?v=1742383288&width=1080; https://www.mywishcare.com/cdn/shop/files/SUPER_BRIGHT_C16_VITAMIN_C_SERUM_1.png?v=1742383288&width=1080
SVC002,Vitamin C Pure Glow Milk Sunscreen | SPF 50 PA++++,wishcare,Sun Protection,"Protect your face from UVA &amp; UVB with SPF50 PA++++ Vitamin C sunscreen. Infused with 5 brightening actives, including 2% Vitamin C. Reduce pigmentation and brighten skin. Why would you love it? ‚óèWith Ceramides &amp; Peptides for healthy glow‚óè5 brightening actives with 2% Vitamin C‚óèUltra light milky formula‚óèReduces",495,4.8,"Aqua, Cyclopentasiloxane, Octyl Salicylate, Silica, Avobenzone, Octocrylene, Butylene Glycol, Glycerine, Homosalate, Octyldodecanol, Polysorbate-20, AMPS/HEMA Crosspolymer (and) C13-15 Alkane (and) Coco-Glucoside, Zinc Oxide, Titanium Dioxide, Cetearyl Olivate, Sorbitan Olivate, D-Panthenol, 3-O-Ethyl Ascorbic Acid, Coco- Glucoside, Soy Milk Peptide, Niacinamide, Kojic Acid, Xanthan Gum, Tocopherol Acetate, Licorice Extract, Ceramide AP, Ceramide NP, Ceramide EOS, Hyaluronic Acid, EthylhexylGlycerine, Phenoxyethanol, Citric Acid.","Sun protection, pigmentation, dullness, hydration, anti-aging, skin barrier repair","Vitamin C, Peptides, Ceramides"," OMC and Oxybenxone,  Cruelty free, Vegan and Non-Toxic","vitamin, pure, glow, sunscreen, spf, 50",All Skin Types,https://www.mywishcare.com/products/vitamin-c-pure-glow-milk-spf-50-sunscreen,https://www.mywishcare.com/cdn/shop/files/VITAMINCPUREGLOWMILKSUNSCREEN.jpg?v=1711027053&width=1080; https://www.mywishcare.com/cdn/shop/files/VITAMINCPUREGLOWMILKSUNSCREEN_be7f6813-7cb8-4d8b-97f9-4505cc177a29.jpg?v=1712312343&width=1080; https://www.mywishcare.com/cdn/shop/files/3_bd07aa93-1bc8-4d19-942e-634288b13e38.jpg?v=1712312343&width=1080; https://www.mywishcare.com/cdn/shop/files/VITAMINCPUREGLOWMILKSUNSCREEN_1.jpg?v=1712312343&width=1080; https://www.mywishcare.com/cdn/shop/files/5_666ff132-c339-4a5c-9528-29cf5c76dfd9.jpg?v=1712312343&width=1080; https://www.mywishcare.com/cdn/shop/files/6_ce31452a-f585-447b-8e96-0ff65f3eef7e.jpg?v=1712312343&width=1080; https://www.mywishcare.com/cdn/shop/files/2_db5f5eec-3847-4a4e-8779-31fcc8c7b61e.jpg?v=1712312343&width=1080
SVC003,Ceramide Lip Balm With SPF 50 PA+++ (Untinted),wishcare,Sun Protection,"Get the perfect nourished lip with WishCare SPF Lip Balm. Niacinamide, Kojic Acid, and ceramides reduces lip pigmentation & heals dry lips",295,4.8,"Castor Seed Oil, Candelilla Wax, Coconut Oil, Shea Butter, Tinosorb M, Tinosorb S, Cocoa Butter, Almond Oil, Carrot Seed Oil,Read, Niacinamide, Kojic Acid, Carnauba Wax, Ceramide NP, Ceramide AP, Dicaprylyl Carbonate, Ceramide EOP, Cetearyl Olivate, Sorbitan Olivate, Zinc Oxide, Titanium Dioxide, Caprylyl Methicone, Vitamin E, OA Omega Plus,Licorice extract,","Sun protection, pigmentation, hydration, skin barrier repair, dry skin, antioxidant","Niacinamide, Ceramides, Kojic Acid, cocoa butter","Cruelty free, paraben free, vegan and non-toxic","balm, spf, 50",All Ages,https://www.mywishcare.com/products/lip-balm-with-spf-50,https://www.mywishcare.com/cdn/shop/files/1_d85a20af-ec0c-4d1b-bf6b-8671ca8a1256.jpg?v=1706700127&width=1080; https://www.mywishcare.com/cdn/shop/files/2_851f4720-38f1-448b-bdcf-4c08fb83627f.jpg?v=1706700127&width=1080; https://www.mywishcare.com/cdn/shop/files/UNTINTED_LIP_BALM.jpg?v=1710760684&width=1080; https://www.mywishcare.com/cdn/shop/files/4_67f8d117-7aee-4028-b142-3cb4ce6f98eb.jpg?v=1710760682&width=1080; https://www.mywishcare.com/cdn/shop/files/5_40cf20e7-7073-43a7-9fde-75b1989dd347.jpg?v=1710760682&width=1080; https://www.mywishcare.com/cdn/shop/files/6_175dd4c2-872a-4fe7-a8da-6ffcfc2a63c8.jpg?v=1710760682&width=1080
SVC004,Vitamin C+ Pure Glow Day Cream | 50g,wishcare,Face Creams,"WishCare Vitamin C+ Pure Glow Face Cream, is packed with the power of Stable Vitamin C Hyaluronic Acid Niacinamide Oranges, Berries &amp; Turmeric. This cream helps you to achieve a bright skin, radiant glow, improves hydration, reduces hyperpigmentation and provide you with even toned skin as it boosts c",595,4.8,"Purified Water, Glyceryl Stearate And Peg-100 Stearate,Glyceryl Monostearate,Isopropyl Myristate, Alkyl Benzoate Starch Al-Octenylsuccinate, Niacinamide (Vitamin B3 Diheptyl Succinate (And) Caprloyl Glycerine/Sebasic Acide corpolymer, Ascorbyl Glucoside, Triethanolamine, Caprloyl Glycerine, Undecylenoyl Glycerine And Benzoic Acid Carbomer, Fragrance, Sodium Hyaluronate, Butylated HydroxyToluene, Orange Fruits Extracts, Pineapple Fruits Extracts, Turmeric Extracts, Aloevera Extracts, Kiwi Fruits Extracts, Exotic Berries Extracts.","Brightening, pigmentation, hydration, antioxidant, soothing, dullness","Vitamin C, Hyaluronic Acid, Niacinamide, Turmeric",Cruelty free,"vitamin, pure, glow, day, cream, face, 50",All Skin Types,https://www.mywishcare.com/products/vitamin-c-face-cream,https://www.mywishcare.com/cdn/shop/files/1_07006182-2bf6-4512-8d7f-3019ea6603b7.jpg?v=1706702989&width=1080; https://www.mywishcare.com/cdn/shop/files/2_28055d9a-333e-4c24-af58-b72139e89fd6.jpg?v=1706702988&width=1080; https://www.mywishcare.com/cdn/shop/files/PURE_GLOW_DAY_CREAM_b9b817e4-be9a-465a-8ccf-cad4e6bbf5d7.jpg?v=1710761598&width=1080; https://www.mywishcare.com/cdn/shop/files/4_0f22355d-43eb-4342-b217-da16d8f96639.jpg?v=1710761598&width=1080; https://www.mywishcare.com/cdn/shop/files/5_5b2f2067-8d2d-455e-8a6d-158496c8148e.jpg?v=1710761598&width=1080; https://www.mywishcare.com/cdn/shop/files/6_d6a6c20b-0013-493f-8d29-aeaca2225419.jpg?v=1710761598&width=1080; https://www.mywishcare.com/cdn/shop/files/NEWPACKAGING_10.jpg?v=1710761598&width=1080
SVC005,Cold Pressed Sweet Almond Oil - 200ml,wishcare,Face Oils,Freshly extracted oil from Sweet Almonds.Naturally rich in fatty acds and has abundant Vitamin E.,495,4.8,100% Pure Almond Oil (AYURVEDIC OIL),"Dry skin, nourishment, skin barrier repair, anti-aging",Almond Oil,"Fragrance Free, no colour","almond, oil, pure, 200, 100",All Skin Types,https://www.mywishcare.com/products/100-pure-and-cold-pressed-sweet-almond-oil,https://www.mywishcare.com/cdn/shop/files/1_7052ad4e-244b-4250-a42a-3d56b8040218.jpg?v=1706700904&width=1080; https://www.mywishcare.com/cdn/shop/files/2_27308a55-61d9-4955-b62e-f09f6bd24d67.jpg?v=1706700904&width=1080; https://www.mywishcare.com/cdn/shop/files/3_a4fface1-7e45-47a1-bdf2-2a4701fd3c39.jpg?v=1706700904&width=1080; https://www.mywishcare.com/cdn/shop/files/4_98673d0c-e7c8-4daa-a586-47195c8bddb9.jpg?v=1706700904&width=1080; https://www.mywishcare.com/cdn/shop/files/5_5f6d6c00-aff5-4e9e-9d1c-4e2b71dfd65a.jpg?v=1706700904&width=1080; https://www.mywishcare.com/cdn/shop/files/NEWPACKAGING.jpg?v=1706700904&width=1080
SVC006,Pure Glow AHA Toner | 200ml,wishcare,Toners," WishCare Vitamin C+ Pure Glow Face Toner is packed with the power of 7% AHA, Hyaluronic Acid, Niacinamide &amp; Oranges. This face toner helps you to achieve a bright skin, radiant glow, minimizes pore, and provide you with even skin. WishCare Pure Glow Face Toner is free of harmful toxins such as Alcohol",395,4.8,"Aqua, Propylene Glycol, Glycolic Acid, Glycerin, Aloe-Vera Extract, Witch Hazel Extract, Lactic Acid, Hydrogenated Castor Oil, Niacinamide, Glutamic Acid, Orange Extract, Green Tea Extract,D-Panthenol, Urea, Sucrose, Sorbitol, Squalene, Allantoin, Disodium EDTA, Ethylhexylglycerin.","Exfoliation, acne, pigmentation, hydration, soothing, brightening, oil control","Vitamin C, Hyaluronic Acid, Niacinamide, Aha","Free of harmful toxins such as Alcohol, Sulphate, Parabens, Mineral Oil, Silicones, etc","pure, glow, aha, toner, face, 200",All Skin Types,https://www.mywishcare.com/products/pure-glow-face-toner,https://www.mywishcare.com/cdn/shop/files/1_d91d49c2-77ce-48e6-82a8-7d8a3bbf5054.jpg?v=1706702481&width=1080; https://www.mywishcare.com/cdn/shop/files/2_2fa98f8e-ddb4-44cb-b5f8-01a10bf18e67.jpg?v=1706702481&width=1080; https://www.mywishcare.com/cdn/shop/files/toner.jpg?v=1710761360&width=1080; https://www.mywishcare.com/cdn/shop/files/4_8e34db92-9bba-4454-ba64-980c417e6cb2.jpg?v=1710761360&width=1080; https://www.mywishcare.com/cdn/shop/files/5_8b647980-7b2b-4cb6-a369-b89b18fa5764.jpg?v=1710761360&width=1080; https://www.mywishcare.com/cdn/shop/files/6_0714caea-a8af-47ec-9f44-fa4139c25107.jpg?v=1710761360&width=1080; https://www.mywishcare.com/cdn/shop/files/NEWPACKAGING_9.jpg?v=1710761360&width=1080
SVC007,AHA + BHA Body Lotion | 200ml,wishcare,Body Care,"AHA BHA body lotion helps to reduce body tanning, acne, keratosis pilaris, rough bumps. Best body lotion for Dry skin. Enriched with lactic acid, glycolic acid & salicylic acid helps to detan & get brighter skin. This exfoliates dead skins and reduces strawberry legs to reveal smooth & soft skin.",495,4.8,"Aqua, CocoGlucoside, Acrylate Cross Polymer, Sodium Cocoyl Glutamate, Glycerine, CAPB, Sodium Lactate, Aloe-Vera Extract, Propylene Glycol,Salicylic Acid(BHA), Green Tea Extract, Lactic Acid (AHA), Glycolic Acid (AHA), Hydrogenated Castor Oil, Tea Tree Oil, Chamomile Extract, Xantham Gum, Ethyl Hexyl Glycerine.","Acne, oily skin, blackheads, exfoliation, inflammation, sensitive skin","Salicylic Acid, Glycolic Acid, Lactic Acid, Aha, Bha","Cruelty-free, paraben-free, vegan, gluten-free, fragrance-free and non-toxic","aha, bha, lotion, 200",All Skin Types,https://www.mywishcare.com/products/aha-bha-body-lotion,https://www.mywishcare.com/cdn/shop/files/1_b71a8314-c3bb-4ccf-86df-6b409d9992ed.jpg?v=1706698854&width=1080; https://www.mywishcare.com/cdn/shop/files/2_bd62c3d6-b16e-4bea-b809-18c820b1295c.jpg?v=1706698853&width=1080; https://www.mywishcare.com/cdn/shop/files/aha_bha_2_1.jpg?v=1710760399&width=1620; https://www.mywishcare.com/cdn/shop/files/aha_bha_1.jpg?v=1710760399&width=1620; https://www.mywishcare.com/cdn/shop/files/4_0be3cda5-c60a-4cb0-bab8-a7d7d092d6cb.jpg?v=1710760399&width=1080; https://www.mywishcare.com/cdn/shop/files/5_05229cb5-4700-41f8-afbd-6e6e1a0d67b4.jpg?v=1710760399&width=1080; https://www.mywishcare.com/cdn/shop/files/6_036f9960-56c6-472e-853f-8ee1261fc949.jpg?v=1710760399&width=1080
SVC008,All-Day Face Malai - Above 35Yrs - Hot Dry Weather,Nathabit,Face Moisturizers,"Freshly whipped all-day MALAI moisturiser super-activated with a 4-Step Ayurvedic process. Prepared daily in our Ayurvedic Kitchen with copper-washed ghee, fresh raw milk, aloe vera, fruits, herbs & cold-pressed oils for enhanced nutrition, deep moisture, youth boost & active sun protection.",561,4.1,"Washed desi ghee, raw milk, raw honey, flaxseed oil, walnut oil, aloe vera pulp, silymarin, shea butter, kokum butter, mango butter, olive oil & cream. Flax & Walnut - Flax seeds are a good source of omega-3 fatty acids, lignans (antioxidants), and fibre.","Dryness, aging, pigmentation, inflammation, dullness, skin barrier damage","Vitamin E,C & Omega",chemical free,"day, face, malai, care, flax, bakuchi, 35, 7",Dry to Normal Skin,https://nathabit.in/face-care/all-day-face-malai/malai-flax-bakuchi?ref_sec=ProductsVerticalList%7C2%7CCollection,
SVC009,All-Day Face Malai - Above 35Yrs - Cold Winter Weather,Nathabit,Face Moisturizers,"Freshly whipped all-day MALAI moisturiser super-activated with a 4-Step Ayurvedic process. Prepared daily in our Ayurvedic Kitchen with copper-washed ghee, fresh raw milk, aloe vera, fruits, herbs & cold-pressed oils for enhanced nutrition, deep moisture, youth boost & active sun protection.",359,4.2,"Washed desi ghee, raw milk, raw honey, flaxseed oil, walnut oil, aloe vera pulp, silymarin, shea butter, kokum butter, mango butter, olive oil & cream. Flax & Walnut - Flax seeds are a good source of omega-3 fatty acids, lignans (antioxidants), and fibre","Dryness, aging, pigmentation, inflammation, dullness, skin barrier repair","Vitamin E,C & Omega",chemical free,"day, face, malai, care, flax, walnut, 35, 7",Dry to Normal Skin,https://nathabit.in/face-care/all-day-face-malai/malai-flax-walnut?ref_sec=ProductsVerticalList%7C2%7CCollection,
SVC010,Overnight Face Malai - Deep Night Restore,Nathabit,Face Moisturizers,"Freshly whipped all-day MALAI moisturiser super-activated with a 4-Step Ayurvedic process. Prepared daily in our Ayurvedic Kitchen with copper-washed ghee, fresh raw milk, aloe vera, fruits, herbs & cold-pressed oils for enhanced nutrition, deep moisture & deep night restore.",561,4.1,"washed desi ghee, raw milk, raw honey, cocoa butter, steamed mogra, aloe vera pulp, silymarin, kokum butter, olive oil & cream, almond oil, bakuchi oil, castor oil, coconut oil, green tea, amla, sandalwood","Dryness, pigmentation, uneven skin tone, inflammation, anti-aging, dullness","almond oil,castor oil,coconut oil,green tea,lavender,rosemary,vitamin a,vitamin c,vitamin e",chemical free,"face, malai, night, care, day, 7, 2",All Skin Types (Night Use),https://nathabit.in/face-care/all-day-face-malai/night-malai?ref_sec=ProductsVerticalList%7C2%7CCollection,
SVC011,Active Anti-Acne Neem TeaTree Gel,Nathabit,Treatment Gels,"100% natural & fresh-made active face gel with active bio compounds of aloe vera, neem & tea tree. It actively controls acne & balances sebum production.",389,4.8,"100% natural ingredients, including farm-fresh aloe pulp & juice, neem oil, tea tree oil, and other natural extracts","Acne, inflammation, oil control, redness, skin healing","Neem,tea-tree oil",chemical free,"active, anti, acne, gel, face, care, moisturiser, 7",Acne-Prone Skin,https://nathabit.in/face-care/active-face-gels/active-anti-acne-gel-moisturiser?ref_sec=product_swiper%7C7%7CCollection,
SVC012,Pure Saffron Tuberose Mukhalaya Face Oil,Nathabit,Traditional Skincare,"Pristine & fresh blend of 15 oils to give unmatched radiance and glow to skin with tuberose, saffron, sandalwood, moringa & other spices & herbs.",453,4.8,"tuberose, saffron, sandalwood, moringa, rosehip, grapeseed, kalonji, marula, argan, flaxseed, walnut, almond, geranium, jojoba & multiple more oils.","Anti-aging, pigmentation, dullness, dryness, skin barrier repair, antioxidant protection",Saffron,"Fragrance Free, vegetable oil free, synthetic colour, free,chemical free","pure, saffron, tuberose, mukhalaya, face, oil, care, 7",All Skin Types (Ayurvedic),https://nathabit.in/face-care/pure-mukhalaya/pure-saffron-tuberose-mukhalaya?ref_sec=product_swiper%7C9%7CCollection,
SVC013,Natural Sun Protection,KamaAyurveda,Sun Protection,Natural Sun Protection - non-comedogenic daily-use ayurvedic sunscreen for oily and sensitive skin. Helps protect your skin from sun damage.,2050,4.6," Titanium Dioxide and Zinc Dioxide which reflect the sun rays back from exposed skin. Natural Glycerine and Olive Oil condition skin without making it greasy. Nourishing Shea Butter soothes irritation, repairs sunspots and other signs of sun damage. Pure essential oils of Nutmeg, Ginger and Lime leave the skin lightly and freshly scented.","Sun protection, pigmentation, dryness, irritation, sun damage, dullness","ginger,olive oil , shea butter, zinc oxide, natural glycerin, titanium dioxide",Non-Nano Zinc Oxide ,"natural, sun, protection",All Skin Types,https://www.kamaayurveda.in/natural-sun-protection.html,
SVC014,Urjasara Nutritive Milky Essence,KamaAyurveda,Essences,"Urjasara Nutritive Essence is a gentle, milky essence that helps improve skin hydration and glow. Ideal for a glowing, dewy look and daily hydration.",2850,4.6,"Aqua (Water), Glycerin, Butyrospermum Parkii (Shea) Butter, Potassium Cetyl Phosphate, Myristyl Myristate, Cocos Nucifera (Coconut) Fruit Extract, Sesamum Indicum (Sesame) Seed Oil, Triheptanoin, C13-15 Alkane, 1,2-Hexanediol, Tocopherol, Brassica Campestris (Rapeseed) Seed Oil, Punica Granatum Fruit Extract, Helianthus Annuus (Sunflower) Seed Oil, Sodium Hyaluronate, Elettaria Cardamomum Seed Oil, Cananga Odorata Flower Oil, Glycyrrhiza Glabra (Licorice) Root Extract, Jasminum Sambac (Jasmine) Flower Extract, Callicarpa Macrophylla Flower Extract, Amomum Subulatum Seed Extract, Cymbopogon Citratus Leaf Powder, Hydroxyapatite, Coleus Vettiveroides Root Extract, Cinnamomum Zeylanicum Bark Powder, Ipomoea Hederacea Seed Powder, Calophyllum Inophyllum Leaf Extract, Cinnamomum Tamala Leaf Extract, Commiphora Mukul Resin Powder, Pinus Longifolia Wood Extract, Valeriana Wallichii Root Extract, Elettaria Cardamomum Seed Powder, Nardostachys Jatamansi Rhizome/Root Extract, Myristica Fragrans (Nutmeg) Fruit Powder, Shorea Robusta Resin Extract, Mesua Ferrea Flower Extract, Commiphora Myrrha Resin Extract, Boswellia Serrata Resin Extract, Actiniopteris Dichotoma Extract, Cedrus Deodara Wood Extract, Kaempferia Galanga Root Extract, Coriandrum Sativum (Coriander) Fruit Oil, Santalum Album (Sandalwood) Oil, Cinnamomum Camphora (Camphor) Wood Extract, Costus Speciosus Rhizome/Root Extract, Althaea Officinalis Root Extract, Oryza Sativa (Rice) Bran Extract, Carbomer, Acrylates/C10-30 Alkyl Acrylate Crosspolymer, Xanthan Gum, Sodium Hydroxide, Citric Acid, Polyglyceryl-3 Diisostearate, Caprylyl Glycol, Tetrasodium Glutamate Diacetate, Linalool, Benzyl Benzoate, Benzyl Alcohol, Limonene, Geraniol.","Dryness, dullness, pigmentation, uneven skin tone, signs of aging, inflammation, sensitivity",Hyaluronic Acid Amiporineô Pomegranate Extract Liquorice OleoactiveÆ,controversial ingredients or artificial fragrances,"urjasara, nutritive, milky, essence",normal to combination skin,https://www.kamaayurveda.in/urjasara-nutritive-milky-essence.html,
SVC015,"Rose Jasmine Face Cleanser | Cleansing, Refreshing and Hydrating",KamaAyurveda,Cleansers,"Check Rose Jasmine Face Cleanser to hydrate your face naturally with the Kama Ayurveda. This 100% natural face wash gently cleans, tones, and smoothens skin.",795,4.5,"Aloevera,vetivar,pure rose extracts, pure jasmin extracts","Soothing, hydration, inflammation, sensitivity, dullness","Aloevera,Black Cuminseeds,Vetiver,Jojoba Oil",Free from chemicals,"rose, jasmine, face, cleanser",All Skin Types,https://www.kamaayurveda.in/rose-jasmine-face-cleanser.html,
SVC016,Urjasara Strength-Restoring Facial Oil,KamaAyurveda,Face Oils,Urjasara nourishing facial oil to restore skin strength. Revitalizing formula supports elasticity and promotes healthy-looking skin.,3195,4.4,"Cocos Nucifera (Coconut) Fruit Extract, Sesamum Indicum (Sesame) Seed Oil, Brassica Campestris (Rapeseed) Seed Oil, Polyglyceryl-3 Diisostearate, Glycyrrhiza Glabra (Licorice) Root Extract, Boswellia Serrata Resin Extract, Callicarpa Macrophylla Flower Extract, Amomum Subulatum Seed Extract, Cymbopogon Citratus Leaf Powder, Hydroxyapatite, Coleus Vettiveroides Root Extract, Cinnamomum Zeylanicum Bark Powder, Ipomoea Hederacea Seed Powder, Calophyllum Inophyllum Leaf Extract, Cinnamomum Tamala Leaf Extract, Commiphora Mukul Resin Powder, Pinus Longifolia Wood Extract, Valeriana Wallichii Root Extract, Elettaria Cardamomum Seed Powder, Nardostachys Jatamansi Rhizome/Root Extract, Myristica Fragrans (Nutmeg) Fruit Powder, Shorea Robusta Resin Extract, Mesua Ferrea Flower Extract, Commiphora Myrrha Resin Extract, Actiniopteris Dichotoma Extract, Cedrus Deodara Wood Extract, Kaempferia Galanga Root Extract, Tocopherol, Cinnamomum Camphora (Camphor) Wood Extract, Althaea Officinalis Root Extract, Oryza Sativa (Rice) Bran Extract, Costus Speciosus Rhizome/Root Extract, Helianthus Annuus (Sunflower) Seed Oil, Elettaria Cardamomum Seed Oil, Cananga Odorata Flower Oil, Jasminum Sambac (Jasmine) Flower Extract, Coriandrum Sativum (Coriander) Fruit Oil, Santalum Album (Sandalwood) Oil, Linalool, Benzyl Benzoate, Benzyl Alcohol, Limonene, Geraniol.","Skin barrier repair, pigmentation, aging, inflammation, acne, dullness, sensitivity",CardamomCostusLiquorice OleoactiveÆ,Free from chemicals,"urjasara, strength, restoring, facial, oil",Dry to Normal Skin,https://www.kamaayurveda.in/urjasara-strength-restoring-facial-oil.html,
SVC017,Ceramide & Vitamin C Sunscreen - 50gm,Dr.sheth's,Sun Protection,"Ceramide & Vitamin C Sunscreen with SPF 50 PA+++, specially formulated for skin brightening in India with protection against UVA and UVB rays.",499,4.2,"Aqua, Propylene Glycol, Terephthalylidene Dicamphor Sulfonic Acid, Butyl Methoxydibenzoylmethane, Isododecane, Glycerin, Phenylbenzimidazole Sulfonic Acid, Ethyl Ascorbic Acid, Tapioca Starch, Triethanolamine, Cyclopentasiloxane, Ethylhexyl Methoxycinnamate, Caprylic Capric Triglyceride, Ammonium Acryloyldimethyltaurate/VP Copolymer, Terminalia Ferdinandiana Fruit (Kakadu Plum) Extract, Hyaluronic Acid, Laminaria Digitata Extract, Lecithin Hydrogenated, Cetyl -PG-Hydroxyethyl Palmitamide, Ceramide EOP, Ceramide NG, Ceramide NP, Ceramide AS, Ceramide AP, Cholesterol, 1,2-Hexanediol, Ethylhexyl Salicylate, Methylene Bis-Benzotriazolyl Tetramethylbutylphenol, Decyl Glucoside, Xanthan Gum, Dicaprylyl Carbonate, Dimethicone, Glyceryl Stearate, Cetearyl Olivate, Sorbitan Olivate, Cetearyl Alcohol, Ceteareth-20, Phenoxyethanol, Ethylhexylglycerin, Xylitylglucoside, Anhydroxylitol, Xylitol, Panthenol, Sodium Polyacrylate, Capsicum Annuum Fruit Extract, Biosaccharide Gum-4, Chamomilla Recutita (Chamomile) Extract, Allantoin, Sodium Gluconate, Butylated Hydroxytoluene, Zinc Oxide.","Sun protection, pigmentation, aging, skin barrier repair, hydration, dullness, sensitivity","1% Ceramide Complex ,2% Vitamin C Complex,1% Hyaluronic Acid,Mineral and Organic Filters",Free from pigmentation and white cast,"ceramide, vitamin, sunscreen, 50",All Skin Types,https://www.drsheths.com/products/ceramide-vitamin-c-sunscreen-50g,
SVC018,Kesar & Kojic Acid Sunscreen - 50g,Dr.sheth's,Sun Protection,"Kesar & Kojic Acid Sunscreen with SPF 50+ PA++++ offers a powerful high-protection shield against damaging UVA & B rays. This sunscreen goes beyond broad-spectrum sun protection by visibly improving signs of pigmentation. Its lightweight gel-cream texture ensures a smooth application that seamlessly blends into the skin, leaving a dewy & non-greasy finish without a white cast. Formulated with 0.",499,3.9,"Aqua, Propylene Glycol, Terephthalylidene Dicamphor Sulfonic Acid, Butyl Methoxydibenzoylmethane, Isododecane, Glycerin, Phenylbenzimidazole Sulfonic Acid, Tapioca Starch, Triethanolamine, Cyclopentasiloxane, Ethylhexyl Methoxycinnamate, Caprylic Capric Triglyceride, Ammonium Acryloyldimethyltaurate/VP Copolymer, Crocus Sativus Flower (Saffron) Extract, Niacinamide, Kojic Acid, Hyaluronic Acid, Dimethicone, Laminaria Digitata Extract, Lecithin Hydrogenated, Cetyl -PG- Hydroxyethyl Palmitamide, Ceramide EOP, Ceramide NG, Ceramide NP ,Ceramide AS, Ceramide AP, Cholesterol, 1,2- Hexanediol, Ethylhexyl Salicylate, Methylene Bis-Benzotriazolyl, Tetramethylbutylphenol, Decyl Glucoside, Xanthan Gum, Dicaprylyl Carbonate, Glyceryl Stearate, Cetearyl Olivate, Sorbitan Olivate, Cetearyl Alcohol, Ceteareth-20, Phenoxyethanol, Ethylhexylglycerin, Xylitylglucoside, Anhydroxylitol, Xylitol, Panthenol, Sodium Polyacrylate, Glycyrrhiza Glabra (Licorice) Root Extract, Capsicum Annuum Fruit Extract, Citrus Junos Extract, Citrus Grandis (Grapefruit) Fruit Extract, Aloe Barbadensis, (Aloe Vera) Extract, Biosaccharide Gum-4, Tocopheryl Acetate, Vaccinium Angustifolium (Blueberry) Extract, Allantoin, Sodium Gluconate, Butylated Hydroxytoluene, Helianthus Annuus (Sunflower) Oil, Zinc Oxide.","Sun protection, pigmentation, dullness, hydration, skin barrier repair, antioxidant support, sensitivity, aging","Kesar Extract,1% niacinamide,1% kojic acid complex,mineral &organic filters",Free from pigmentation and white cast,"kesar, kojic, sunscreen, 50",All Skin Types,https://www.drsheths.com/products/kesar-kojic-acid-sunscreen-50g,
SVC019,Ceramide & Vitamin C Brightening Oil-Free Moisturizer - 50g,Dr.sheth's,Face Oils,"A lightweight, oil-free moisturizer for intense hydration & brightening Non-sticky, long-lasting hydration, brightens Dr. Sheth‚Äôs Ceramide & Vitamin C Oil-Free Moisturizer is a lightweight & non-sticky formulation power-packed with brightening & hydrating actives to give you intensely hydrated, ultra-glowing & smooth skin! Designed with Ceramide Complex, this moisturizer repairs a compromised barrier & deeply nourishes it, ensuring all-day hydration.",349,4.4,"Purified Water, Caprylic Capric Triglycerides, Glycerin, Sodium acrylates Copolymer, Coconut alkanes, Dimethicone, Amla extract, Vitamin E Acetate, Terminalia Ferdinandiana Fruit Extract, Laminaria Digitata Extract, 3-O-Ethyl Ascorbic Acid, Phenoxyethanol, Lecithin, Cetyl-PG Hydroxyethyl Palmitamide, Ceramide 1, Ceramide 2, Ceramide 3, Ceramide 4, Ceramide 6II, Ashwagandha extract, Disodium EDTA, Ethylhexylglycerin, Phenoxyethanol","Aging, pigmentation, dullness, dehydration, skin barrier repair, antioxidant support, sensitivity, stress-induced skin concerns","1% Vitamin C Complex,Ashwagandha Extract,Ceramide complex",oil free,"ceramide, vitamin, brightening, oil, moisturizer, 50",Dry to Normal Skin,https://www.drsheths.com/products/ceramide-vitamin-c-oil-free-moisturizer-50g,
SVC020,Centella & Niacinamide Serum - 30ml,Dr.sheth's,Serums,"For Acne, Oil Control and Pigmentation.",599,4.2,"Aqua, Niacinamide, Ethoxydiglycol, Zinc PCA, Propanediol, Centella Asiatica Extract, Butylene glycol, Phellodendron Amurense Bark Extract, Glycolic Acid, PEG-60 Hydrogenated Castor Oil, Salix Alba Bark Extract, Rehmannia Chinensis Root Extract, Melia Azadirachta Leaf Extract, Scutellaria Baicalensis Root Extract, Houttuynia Cordata Extract, Glycine Soja Seed Extract, Lactobacillus/Pear Juice Ferment Filtrate, Glyceryl Caprylate, Ethylhexylglycerin, o-Cymen-5-ol, Phenoxyethanol, Chlorphenesin, Hydroxyethyl cellulose, Disodium EDTA.","Acne, inflammation, oily skin, pigmentation, sensitive skin, clogged pores, uneven skin texture","10% Niacinamide,1% Zinc PCA,Probiotic ,Soyabean Extract,Centella Asiatica Extract",oil free,"centella, niacinamide, serum, 30",Oily & Acne-Prone Skin,https://www.drsheths.com/products/centella-niacinamide-serum,
SVC021,Glow & Lift Cr√®me - Peptide Moisturizer for Skin Brightening & Collagen Boosting,asaya,Moisturizers," Glow-boosting and firming moisturiser with brightening Vitamin C, collagen-boosting Peptide Complex, and barrier-supporting Niacinamide. It tackles dull, dry, and stressed skin that‚Äôs prone to dullness, sagging and fine lines, to deliver luminous, supple skin ready to take on the day. The firming and lifting action of the Peptide Complex works by boosting collagen",549,4.8,"Purified Water, Niacinamide, Cyclopentasiloxane, Phenyl Trimethicone, Dimethiconol, C12-15 Alkyl Benzoate, Dimethicone Crosspolymer, C15-19 Alkane, Coco Caprylate/Caprate, Ethylhexyl Olivate, Sodium Acrylates Copolymer, Polyglyceryl-4 Olivate, Terminalia Ferdinandiana Fruit Extract, Glycerin, Propylene Glycol, Dextran, Tripeptide-1, Propanediol, Olive Oil PEG-7 Esters, Phenoxyethanol, Ethylhexylglycerin, Glyceryl Stearate, PEG-100 Stearate, Saccharide Isomerate, Citric Acid, Sodium Citrate, 3-O-Ethyl Ascorbic Acid, Sodium Hyaluronate, Sodium Benzoate, Potassium, Sorbate, Acrylates/C10-30 Alkyl Acrylate Crosspolymer, Panthenol, Sodium Gluconate, C.I. 15985, Perfume.","Pigmentation, Dullness, Aging (Fine Lines), Dehydration, Skin Barrier Repair","Vitamin C, Niacinamide,Peptide complex","cruelty free,oil free","moisturizer, skin, brightening",All Skin Types (Dull Skin),https://worldofasaya.com/products/brightening-moisturizer,
SVC022,Advanced Spot Targeting Serum for Hyperpigmentation & Dark Spots,asaya,Serums,"Highly effective, proprietary formula to target spots & hyperpigmentation. Powered with cutting-edge MelaMeTM Complex, our serum with 5% Niacinamide and 2% Alpha Arbutin penetrates deep into the skin to disperse excess melanin and diminish dark spots. It effectively prevents dark spot formation and minimises even the deepest rooted hyperpigmentation to give a clear, unified skin tone.",799,4.5,"Purified water, Niacinamide, Butylene Glycol, Propanediol, Arisaema Amurense Extract, Decylglucoside, 1,2-Hexanediol, Alpha Arbutin, Lepidium Sativum Sprout Extract, Glycerin, Lecithin, Betaine, Sodium Benzoate, Potassium Sorbate, Phenoxyethanol, Ethylhexylglycerin, Sodium Lactate, Sodium Gluconate, Sodium PCA, Hydroxyethyl Cellulose, Sodium Hyaluronate, Sodium Gluconate, Allantoin, Polysorbate-20.","Pigmentation, Dullness, Uneven Skin Tone, Dehydration, Skin Barrier Support","MelaMeTM Complex,niacinamide,Alpha Arbutin",cruelty free,"advanced, spot, targeting, serum, dark",All Skin Types (Hyperpigmentation),https://worldofasaya.com/products/advanced-spot-targeting-serum-india,
SVC023,Spot Light Sunscreen SPF 50 PA++++ for Dark Spots & Hyperpigmentation,asaya,Sun Protection,"Experience visible dark spot reduction with this oil-free sunscreen SPF 50 PA++++ and broad-spectrum cover. Powered by proprietary MelaMe‚Ñ¢ Complex, which is clinically proven to fade dark spots in 2 weeks, this first-of-its-kind sunscreen for hyperpigmentation treats a wide spectrum of pigment imbalances - dark spots, acne marks, PIH and melasma while providing high SPF sun defense. Added Niacinamide and Licorice Extract offer barrier ",499,4.8,"Aqua (Water), Butylene Glycol, Niacinamide, Ethylhexyl Methoxycinnamate, Caprylic Capric Triglyceride, Butyl Methoxydibenzoylmethane, C12-15 Alkyl Benzoate, Benzophenone-3, Trehalose, Arisaema Amurense Extract, Decyl Glucoside, 1,2-Hexanediol, Cetearyl Olivate, Centella Asiatica Extract, Crocus Sativus (Saffron) Flower Extract, Hippophae Rhamnoides (Seabuckthorn) Extract, Glycyrrhiza Glabra (Licorice) Root Extract, Tocopherol Acetate, Sodium Hyaluronate, Xylitylglucoside, Octocrylene, Anhydroxylitol, Xylitol, Glycerin, Phenoxyethanol, Sorbitan Olivate, Ethylhexyl Olivate, Phospholipids, Sodium Acrylates Copolymer, Diethylamino Hydroxybenzoyl Hexyl Benzoate, AMPS/HEMA Crosspolymer, Polyglyceryl-4 Olivate, C13-15 Alkane, Ethylhexylglycerin, Lecithin, Xanthan Gum, Sclerotium Gum, Coco-Glucoside, Pullulan, Potassium Hydroxide, Sodium Gluconate.","Sun Protection, Pigmentation, Dullness, Sensitivity, Dehydration, Antioxidant Support, Skin Barrier Repair","MelaMeTM Complex,niacinamide,Licorice Extract","sulphates & Parabens free, fragnance & oil free","spot, sunscreen, spf, dark, depigmenting, 50",All Skin Types,https://worldofasaya.com/products/depigmenting-sunscreen-spf50,
SVC024,Overnight Revive Cr√®me - Best Night Repair Cream with Peptides for Face & Dry Skin,asaya,Night Care,"Recharge your skin while you sleep with Asaya‚Äôs Overnight Revive Cr√®me: a luxurious, intensely nourishing night cream with Peptides, Bisabolol and soothing Green Tea Extract. Rich, creamy yet ultra-lightweight, this barrier-fortifying blend penetrates deep into the skin‚Äôs layers to repair the day‚Äôs damage, neutralize free radicals, and stimulate collagen production. ",1399,4.8,"Water, Cetearyl Alcohol, Butylene Glycol, Cetyl Ethylhexanoate, 1,2-Hexanediol, Caprylic/Capric Triglyceride, Dimethicone, Glycerin, Pentaerythrityl Tetraisostearate,
Squalane, Arbutin, Bisabolol, Glucose, Centella Asiatica Extract, Polytonum Cuspidatum Root Extract, Scutellaria Baicalensis Root Extract, Camellia Sinensis Leaf Extract,
Ceramide NP, Glyceryl Stearate, PEG-100 Stearate, Chamomilla Recutita (Matricaria) Flower Extract, Cyclohexasiloxane, Cyclopentasiloxane, Hydrogenates Lecithin, Glycyrrhiza Glabra (Licorice) Root Extract, Silica, Cetearyl Glucoside, Ethylhexyl Olivate, Polyglyceryl-4 Oleate, Sodium Acrylates Copolymer, Rosmarinus Officinalis (Rosemary) Leaf Extract, Polyglyceryl-10 Laurate, Palmitoyl Pentapeptide-4, Palmitoyl Tripeptide-1, Hexapeptide-9, Acetyl Hexapeptide-8, Tripeptide-1, Copper Tripeptide-1, Disodium EDTA, Ethylhexylglycerin, Fragrance.","Pigmentation, Sensitivity, Redness, Aging (Fine Lines & Wrinkles), Dehydration, Skin Barrier Repair, Brightening","Bisabolol,Peptide complex,green tea extract","Phthalate free,Sulphate free, Paba free","night, repair, cream, face, skin",All Skin Types,https://worldofasaya.com/products/night-repair-cream,
SVC025,Even Evermore Cr√®me - Moisturizer for Dark Spots & Blemishes,asaya,Moisturizers,"By nature, melanated Indian skin is prone to hyperpigmentation and post-inflammatory scarring. Our skin is sensitive to irritants, its large pores invite acne and inflammation, its composition makes it difficult to retain hydration which distresses the skin barrier‚Ä¶ and all of these play out as tone-disbalanced, tired, dry skin.",599,4.7,"Purified Water, Caprylic Capric Triglyceride, Niacinamide, Arisaema Amurense Extract, Decyl Glucoside, Hexanediol, Butylene Glycol, Propanediol, Polyacrylate-13, Polyisobutene, Polysorbate 20, Glyceryl Stearate, PEG-100 Stearate, Phenoxyethanol, Ethylhexylglycerin, Centella Asiatica Extract, Hippophae Rhamnoides (Seabuckthorn) Extract, Crocus Sativus (Saffron) Flower Extract, Glycyrrhiza Glabra (Licorice) Root Extract Sodium Benzoate, Potassium Sorbate, Arbutin, Acrylates/C10-30 Alkyl Acrylate Crosspolymer, Cetostearyl Alcohol, Laminaria Digitata Extract, Cetyl-PG Hydroxyethyl Palmitamide, Ceramide 1, Ceramide 2, Ceramide 3, Ceramide 4, Ceramide 6 II, Sodium Hydroxide, Pentaerythrityl Tetra- Di-T-Butyl Hydroxyhydrocinnamate, Sodium Gluconate, Tocopheryl Acetate, Perfume.","Pigmentation, Dullness, Sensitivity, Redness, Dehydration, Skin Barrier Repair, Uneven Skin Tone, Aging","MelaMeô Complex,ceramide, Alpha Arbutin","Cruelty free,oil free","moisturizer, dark, spot, removal, cream",All Skin Types,https://worldofasaya.com/products/dark-spot-removal-cream-in-india?variant=49916155429177&country=IN&currency=INR&utm_medium=product_sync&utm_source=google&utm_content=sag_organic&utm_campaign=sag_organic&utm_campaign=Asaya_PMax_HP_Range_14/2/25&utm_device=c&utm_term=&network=x&utm_medium=cpc&utm_source=google&agid=&ap=&aoi=&ci=22230514053&cre=&fid=&lop=1007768&ma=&mo=&pl=&ti=&xtm_source=google&xtm_content=&xtm_term=&xm=&xp=&xnw=x&xs=&gad_source=1&gad_campaignid=22240849081&gbraid=0AAAAAqRv7uh1uIZQJd1ZXhVKJU4YHiZCs&gclid=CjwKCAjwr5_CBhBlEiwAzfwYuEQvMwy0eTupWD78XanT96mVzqg3flW0oCQnsSIy1HZzlYaiahhkgRoC3r0QAvD_BwE,
SVC026,Kesar & Kojic Acid Oil Free Moisturizer - 50g,Dr.sheth's,Moisturizers,"Your skinís potent pigmentation-terminator is here: Dr. Sheth's Kesar & Kojic Acid Oil-Free Moisturizer is a dual-action formula that effectively fades pigmentation & dark spots while delivering instant hydration. Boosted with potent anti-pigmentation actives such as Kojic Acid & Alpha Arbutin, this moisturizer helps clear marks & improve overall complexion without compromising the skinís healthy barrier. In addition, anti-inflammatory Kesar Extract calms & replenishes the skinís moisture content. Ideal for all skin types, its non-irritating, non-sticky formula soothes the skin, leaving it plump & blemish-free.",349,4.1,"Purified Water, Glycerin, Sodium Acrylates Copolymer, Coconut Alkanes, Caprylic Capric Triglyceride, Dimethicone, Kojic Acid Dipalmitate, Phenoxyethanol, Lecithin, Phyllanthus Emblica Fruit Extract, Tocopheryl Acetate, Ethylhexylglycerin, Disodium EDTA, Alpha Arbutin, Fucus Vesiculosus Extract, Crocus Sativus Flower Extract (Saffron),Butylene Glycol, 1,2-Hexanediol, Hydroxyacetophenone.","Pigmentation, Dark Spots, Dullness, Uneven Skin Tone, Antioxidant Protection, Brightening","Kesar extract,1% Kojic Acid Complex,Alpha Arbutin",oil free,"Fades, Pigmentation,dark ,spots, hydrates,skin",All Skin Types,https://www.drsheths.com/products/kesar-kojic-acid-oil-free-moisturizer-50g,
SVC027,Moisture Splash Face Cleanser for Dry & Dull Skin,asaya,Face cleanser,"Gentle, non-stripping face cleanser that deeply hydrates, reduces dark spots, and boosts glow while removing dead cells and impurities. Infused with brightness-boosting Rice Extract, Micronized Hyaluronic Acid and barrier-strengthening Pre + Probiotic complex, this Korea-made face cleanser helps repair dullness, stressor-damage and biome imbalance, leaving skin radiant and healthy.Brightening Rice Extract refines pores and promotes glow, while Pre + Probiotic complex helps balance and protect your skinís microbiome, ensuring lasting resilience and barrier support. Micronized Hyaluronic Acid infuses moisture into every pore, keeping skin plump and bouncy. Lock in moisture with every washówithout stripping any natural oilsóand enjoy skin that feels soft, hydrated, and thoroughly cleansed.",699,4.9,"Water, Palmitic Acid, Glycerin, Stearic Acid, Lauric Acid, Potassium Hydroxide, Dipropylene Glycol, Myristic Acid, Glyceryl Stearate, 1,2-Hexanediol, PEG-100 Stearate, Cocamidopropyl Betaine, PEG-90, Erythritol, Allantoin, Panthenol, Butylene Glycol, Inulin, Lactobacillus Ferment, Streptococcus Thermophilus Ferment, Lactococcus Ferment Lysate, Bifida Ferment Filtrate, Alpha-Glucan Oligosaccharide, Sodium Hyaluronate Crosspolymer, Benzyl Glycol, Oryza Sativa (Rice) Extract, Polysorbate 20, Fragrance, Ethylhexylglycerin, Sodium Chloride, Hydroxyethylcellulose, Disodium EDTA","Barrier Repair, Hydration, Skin Soothing, Microbiome Balance, Dryness, Sensitivity","Micronised Hyaluronic Acid,Rice Extract",cruelty free,"gentle,hydrating,cleanser,boost,radiance,fades,dark,spots,skin,barrier",Dry & Dull Skin,https://worldofasaya.com/products/hydrating-face-wash,
SVC028,Neem & Salicylic Acid Face Wash - 100ml,Dr.sheth's,Face Wash,"Featuring power-packed ingredients like Neem, Salicylic Acid & Hyaluronic Acid Complex, this face cleanser is back and itís better than ever! Formulated with a blend of botanicals & actives, this face wash gently cleanses & exfoliates without making your skin dry. So, redness or irritationÖlet those be the side characters that couldn't get the limelight. And what about the main villain, acne? Weíve got you covered! Infused with antibacterial & anti-inflammatory properties, Neem inhibits the growth of acne-causing bacteria and prevents the formation of future breakouts. Salicylic Acid, a renowned acne-fighting active, penetrates deep into your pores to exfoliate and eliminate excess oil, leaving you with clear and oil-free skin. And who doesnít love a happy ending? With every splash, Hyaluronic Acid, the hydration booster deeply moisturizes & enhances skin elasticity, making it soft & smooth.",349,4.2,"Aqua, Sodium Lauroyl Sarcosinate, Polyacrylate -33, Disodium Cocoamphodiacetate, Cocamidopropyl Betaine, Glycerin, Caprylyl/Capryl Glucoside, Sodium Methyl Cocoyl Taurate, Salicylic Acid, Glyceryl Glucoside, Azadirachta Indica (Neem) Extract, Ocimum Sanctum Leaf (Tulasi) Extract, Sodium Hydroxide, Phenoxyethanol, Ethylhexylglycerin, Natural Betaine, PEG-8, Isostearamidopropyl Ethyldimonium Ethosulfate, Propylene Glycol, Olea Europaea (Olive) Fruit Oil, Carthamus Tinctorius (Safflower) Seed Oil, Xylitol, Glucose, Anhydroxylitol, Phoenix Dactylifera Extract, Sodium Benzoate, Zinc PCA, Benzophenone-4, Aloe Barbadensis Leaf (Aloevera) Extract, Niacinamide, Melaleuca Alternifolia (Tea Tree) Extract, Chamomilla Recutita Flower (Chamomile) Extract, Witch Hazel, Panthenol, Allantoin, Hyaluronic Acid, Vitamin-E And Sodium Ascorbyl Phosphate.","Acne, Oil Control, Inflammation, Clogged Pores, Redness, Blemishes","2%Salicyclic acid,1% Neem Extract,Hyaluronic Acid Complex","Paraben & sulphate free, cruelty free","salicyclic acid, control excess oil,gentle,hydrates,skin",Oily & Acne-Prone Skin,https://www.drsheths.com/products/neem-salicylic-acid-face-wash,
SVC029,Kesar & Kojic Daily Pigmentation Correction Cream - 30G,Dr.sheth's,Correction Cream,"Bye Bye Pesky Pigmentation! Dr. Shethís Kesar & Kojic Daily Pigmentation Correction Cream is a daily use anti-pigmentation specialist cream with a non-greasy formula that battles pigmentation for blemish-free, even-toned skin. While Kojic Acid penetrates the skin to diminish dark spots & marks effectively, Niacinamide & Glycolic Acid gently exfoliate & slow down melanin synthesis. Additionally, Kesar Extract soothes inflammation & encourages smoother skin.",499,4.6,"Aqua, Caprylic/Capric Triglyceride, Coco-Caprylate/Caprate, Kojic Dipalmitate, Glycerin, Arachidyl Alcohol & Behenyl Alcohol & Arachidyl Glucoside, Cetearyl Alcohol, Niacinamide, Alpha-arbutin, Ammonium Polyacryloyldimethyl Taurate, Saffron Extract, Glycolic Acid, Phenoxyethanol, Ethylhexylglycerin, Glyceryl Stearate and Peg-100 Stearate, Pentaerythrityl Distearate, Disodium Edta, Sodium Hydroxide.","Pigmentation, Dullness, Uneven Skin Tone, Dark Spots, Brightening","2% Kojic Acid†,Kesar extract,1% Niacinamide,0.5% Glycolic Acid",Free from blemish skin,"glycolic acid,niacinamide,dark , spots, pigmentation",All Skin Types,https://www.drsheths.com/products/kesar-kojic-daily-pigmentation-correction-cream-50g,
SVC030,Haldi & Hyaluronic Acid Oil Free Moisturizer - 50g,Dr.sheth's,Moisturizers,"Dr. Shethís Haldi & Hyaluronic Acid Oil-Free Moisturizer is a gel-based formulation that delivers a powerful boost of hydration without leaving skin sticky or greasy. The unique blend of Hyaluronic Acid & Haldi plumps & fights dullness & damage to give you soft, supple skin. The addition of Aquaporin Boosters elevates hydration levels to keep the skin moisturized all day long.",349,4.2,"Purified Water, Glycerin, Carbomer, Haldi Beads, Sodium Hyaluronate, Glyceryl Glucoside, Phenoxyethanol, Ethylhexylglycerin, Sodium Hydroxide, Sodium Gluconate, Cica extract, 1,2-Hexanediol","Hydration, Inflammation, Soothing, Brightening, Acne","1% Hyaluronic Acid Complex,Cica extract,Aquaporin Boosters ",oil free,"hydrates,gycerin,plumps,cica extract,purified, water,fights,dullness,skin,brightens",Combination to All skin types,https://www.drsheths.com/products/haldi-hyaluronic-acid-oil-free-moisturizer-50g,
SVC031,Extra Gentle Peel - 30ml,Dr.sheth's,Peel,"Formulated by our dermatologists especially for Indian skin, this lotion peel works to manage key issues like pigmentation and uneven skin. It delivers Alpha Hydroxy Acids (AHA) in a controlled and slow manner to evenly exfoliate the skin, remove dead skin and reduce blemishes.Pomegranate extract contains Egallic Acid which inhibits melanin synthesis and promotes bright skin. Calendula Extract and Wheat and Berry Sugars calm the skin post exfoliation ensuring a smooth and comfortable experience.",499,4.3,"Purified Water, Glycolic Acid, Lactic Acid, Light Liquid Paraffin, Medium Chain Triglyceride, Glycerin, Propylene Glycol, Sodium Hydroxide, Ceteryl Olivate, Sorbitan Olivate, Xylityl Glucoside, Anhydroxylitol, Xylitol, Steareth 21, Cetyl Alcohol, Phenoxyethanol, Pomegranate Extract, Calendula Extract, Grape Fruit Extract, Sodium Acrylates Copolymer, Lecithin, Disodium EDTA","Exfoliation, Dullness, Uneven Texture, Dehydration, Pigmentation, Aging","5% Lactic acid,5% Glycolic Acid,Calendula extract,Pomegranate Extract",chemical free,"AHA,Pomegrante,extract,glycolic acid,lactic.mendelic,acid,sooting,brightening,resurfacing",All Skin Types,https://www.drsheths.com/products/extra-gentle-peel,
SVC032,Barrier Plus Peptide Ceramide Moisturizer,The formularx,Moisturizers,"Skin sensitivity is a sign of a weakened or damaged skin barrier. When your barrier is compromised, your skin loses moisture easily and becomes vulnerable to irritation, redness, stinging, dryness, & and flare-ups.Barrier Plus is a non-comedogenic moisturizer specially formulated to restore the skin barrier and relieve sensitivity.Enriched with Ceramides, Peptides, and Soothing Actives, it strengthens your skinís natural defenses and brings lasting comfort to dry, irritated, or reactive skin without feeling heavy or greasy. This fast-absorbing formula helps rebuild resilience, soothe redness, and leave your skin visibly healthier and more supple. Perfect for sensitive, dry, or combination skin.",594,4.4,"Water, caprylic/ capric triglyceride, glycerin, propanediol, cetearyl alcohol, cetearyl olivate, sorbitan olivate, sodium hyaluronate, panthenol, butyrospermum parkii (shea) butter, ceramide np, ceramide ap, ceramide eop, phytosphingosine, cholesterol, stearic acid, sodium lauroyl lactylate, allantoin, xanthan gum, butylene glycol, carbomer, polysorbate-20, palmitoyl tripeptide-1, tocopherol, palmitoyl tetrapeptide-7, phenoxyethanol, dimethicone, disodium edta, ethylhexylglycerin
","Barrier Repair, Dryness, Sensitivity, Aging, Dehydration, Redness","Ceramide Complex + Cholesterol + Free Fatty Acids,Peptides,Allantoin,Hyaluronic acid + Panthenol (Vitamin B5) + Glycerin","NON COMEDOGENIC, FRAGRANCE FREE, ALLERGEN FREE, VEGAN, CRUELTY FREE","skin barrier,glycerin,moisturizer,Fortifying Lipids,Peptide Ceramide",All Skin Types,https://theformularx.com/products/peptide-ceramide-moisturizer-barrier-plus?variant=42151102054636&country=IN&currency=INR&utm_medium=product_sync&utm_source=google&utm_content=sag_organic&utm_campaign=sag_organic&gad_source=1&gad_campaignid=20381662499&gbraid=0AAAAABgLw_O6VffqZLccuda5iiGVdbOyf&gclid=CjwKCAjwr5_CBhBlEiwAzfwYuNqhA7hjVzXQKLdYUthFR4ynovfPW_8D4IW_kNo9KIXFkZMTBV-i_BoCbdgQAvD_BwE,
SVC033,Barrier Relief Lightweight Ceramide Moisturizer with Niacinamide,The formularx,Moisturizers,"The skin barrier is everything when it comes to healthy, glowing, balanced skin. When it's damaged, youíll notice more oiliness, breakouts, dullness, dryness, and sensitivity.                    Barrier Relief Ceramide Moisturizer is your everyday solution to restore, protect, and balance acne-prone, oily-combination, and sensitive skin types.
Powered by skin essential ceramides, brightening niacinamide, hydrating hyaluronic acid, and calming colloidal oat, this lightweight, non-comedogenic gel-cream absorbs fast and leaves zero grease. It hydrates, soothes, and repairs without clogging poresómaking it ideal for day or night use, even under makeup. Say goodbye to heavy, greasy moisturizers and hello to all-day hydration and nourishment.",594,4.6,"Water, caprylic/ capric triglyceride, glycerin, niacinamide, propanediol, cetearyl alcohol, cetearyl olivate, sorbitan olivate, sodium hyaluronate, colloidal oatmeal, panthenol, allantoin, ceramide np, ceramide ap, ceramide eop, phytosphingosine, cholesterol, linoleic acid, sodium lauroyl lactylate, xanthan gum, butylene glycol, carbomer, tocopherol, phenoxyethanol, dimethicone, disodium edta, linolenic acid, ethylhexylglycerin","Barrier Repair, Eczema, Dryness, Redness, Sensitivity, Dehydration","Niacinamide,Ceramide Complex + Cholesterol + Free ,Colloidal Oat + AllantoinHyaluronic acid + Panthenol (Vitamin B5) + GlycerinFatty Acids","NON COMEDOGENIC, FRAGRANCE FREE, ALLERGEN FREE, VEGAN, CRUELTY FREE","ceramide,niacinamide,skin barrier,gel, cream,strengthens,balances,vitaminb5,Colloidal Oat",All Skin Types,https://theformularx.com/products/barrier-relief-moisturizer,
SVC034,Hydraveil Hyaluronic Hydrating Gel moisturizer with Ectoin & Ceramide,The formularx,Moisturizers,"if moisturizers make you break out ó this one's made for you. Acne and fungal acne (Malassezia folliculitis) often flare up due to excess oil, clogged pores, or yeast overgrowth, especially in hot, humid weather. Most moisturizers worsen it with pore-clogging oils, fatty acids, or esters.
Hydraveil is a lightweight, oil-free gel moisturizer designed specifically for acne-prone, fungal acne-prone, and sensitive skin. It hydrates deeply without feeding fungal acne or clogging pores ó all while repairing and strengthening your skin barrier.",594,4.5,"Water, glycerin, propanediol, panthenol, sodium hyaluronate, ammonium acryloyldimethyltaurate/VPcopolymer, ceramide np, ectoin, sodium hyaluronate crosspolymer, sodium acetylated hyaluronate , xylityglucoside, hydrolyzed sodium hyaluronate , anhydroxylitol, pentylene glycol, xylitol, dicaprylyl ether, disdium edta, phenoxyethanol, ethylhexylglycerin","Dryness, Dehydration, Barrier Repair, Sensitivity","Ceramide,Ectoin,Multimolecular Hyaluronic acid,Aquaxyl,Panthenol","NON COMEDOGENIC, FRAGRANCE FREE, ALLERGEN FREE, VEGAN, CRUELTY FREE","Hyaluronic, Hydrating, Gel moisturizer, Ectoin ,Ceramide,brightens,skin,barrier,Barrier Fortifying, anti-inflammatory",All skin types,https://theformularx.com/products/malazia-hydra-veil-gel-moisturizer,
SVC035,Hydrashield Vitamin C + Peptide Watery Gel Sunscreen SPF50 PA++++,The formularx,Sunscreen,"Sun + Pollution = Skin Damage you canít see... yet. UVA/UVB rays, blue light, infrared, and free radicals break down your collagen, cause dullness, tanning, dark spots, and premature aging.
Hydrashield is Indiaís first 100% oil-free, water-based sunscreen with SPF 50 PA++++ that's acne & fungal acne safe ó designed to protect, hydrate, and brighten without clogging pores or leaving any white cast.
This invisible gel formula blends like water, feels like nothing, and defends like everything. Clear, Weightless, Powerful Protection for Urban Skin.",594,4.7,"Water, propanediol, butylene glycol, ethylhexyl methoxycinnamate, octocrylene, ascorbyl glucoside, butyl methoxydibenzoy|methane, diethylaminoHydroxybenzoyl hexyl benzoate, titanium dioxide, centella asiatica Extract, ascorbic acid, sodium hyaluronate, panthenol, polygonum Cuspidatum root extract, ammonium acryloyldimethyl taurate/VP copolymer, dicaprylyl carbonate, scutellaria baicalensis root extract, glycyrrhiza glabra (Licorice) root extract, gold, disodium edta, pentapeptide 4, camellia sinensis leaf extract, glutathione, chamomilla recutita (Matricaria)flower extract, phenoxyethanol, ethylhexylglycerin, sorbitol, rosmarinus officinalis (Rosemary) leaf extract.","Pigmentation, Dullness, Sun Protection, Aging, Sensitivity","UV Filters,Gold Stabilized Vitamin C,Peptides,Bioactive Blend,Hyaluronic acid + Vitamin B5","NON COMEDOGENIC, FRAGRANCE FREE, ALLERGEN FREE, VEGAN, CRUELTY FREE","vitamin c,Peptide Watery Gel,acne safe ,lightweight,non-greasy,water, Sweat Resistant,sun protection,plump,brightens,skin",All skin types including sensitive skin. Acne & Fungal acne friendly,https://theformularx.com/products/hydrasheild-sunscreen,
SVC036,Sun Relief Ceramide Silk Hydrating Sunscreen SPF 50 / PA ++++,The formularx,Sunscreen,"UV rays donít just tan ó they damage. Sun exposure weakens your skin barrier, speeds up aging, causes pigmentation, dullness, and sensitivity.
Sun Relief defends your skin against harmful UVA/UVB rays & pigmentation worsening HEV radiation with next gen uv filters. An all in one ultra lightweight, hydrating, non-greasy SPF with universal tint, that blends clear across all skin tones without clogging pores.
Formulated with Niacinamide & Brightening Peptides, this sunscreen helps fade dark spots, even out skin tone, and control excess oil giving you a radiant, fresh-looking skin! Powered by ceramide-trilipid complex, hyaluronic acid & vitamin b5 this sunscreen strengthens skin barrier, preventing moisture loss and protects against environmental stressors keeping your skin healthy and glowing.
It's your everyday skin shield that hydrates like a lightweight moisturizer and protects like a high-performance sunscreen.",594,4.9,"Water, glycerin, dicaprylyl carbonate, propanediol, butylene glycol, diethylamino hydroxybenzoyl hexyl benzoate, titanium dioxide, ethylhexyl triazone, bis-ethylhexyloxyphenol methoxyphenyl triazine, niacinamide, glyceryl stearate, cetearyl alcohol, ceramide np, ceramide ap, ceramide eop, phytosphingosine, cholesterol, nonapeptide-1, linoleic acid, alpha bisabolol, sodium hyaluronate, panthenol, allantoin, sodium lauroyl lactylate, xanthan gum, tocopheryl acetate, carbomer, phenoxyethanol, tocopherol, disodium edta, linolenic acid, ethylhexylglycerin, iron oxides (Cl 77499 & Cl 77491 & CI 77492)","Pigmentation, Aging, Sun Protection, Dryness, Sensitivity, Barrier Repair","Ceramide Complex + Cholesterol + Free Fatty Acids,Niacinamide + Brightening Peptides,Bisabolol + Allantoin,Hyaluronic acid + Panthenol (Vitamin B5) + Glycerin","NON COMEDOGENIC, FRAGRANCE FREE, ALLERGEN FREE, VEGAN, CRUELTY FREE","Ceramide,Hydrating ,Sunscreen,Lightweight, non sticky/ greasy,Water Resistant,long lasting",All skin types. Acne Friendly.,https://theformularx.com/products/sun-relief-ceramide-silk-sunscreen-spf-50,
SVC037,10% Vitamin C Barrier Boosting + Glow Serum with Calendula,Plum,Serums,10% vitamin c.ceramides.hyaluronic acid.niacinamide.calendula,538,4.6," 10% vitamin C fades dark spots & pigmentation, while 1% ceramide complex restores your skin barrier. 3% niacinamide refines texture, 1% hyaluronic acid deeply hydrates & calendula extracts calm & heal. Gentle yet powerful, itís vitamin C made easyófor beginners, sensitive skin, and pros alike.","Pigmentation, Uneven Texture, Dehydration, Sensitivity, Barrier Repair","Calendula, Vitamin c, Niacinamide","chemical free,animal ingredients free","vitamin C & 3% niacinamide, fade pigmentation & smoothen skin tone,anti-inflammatory ,5 ceramide complex","oily ,combination,dry,normal &sensitive skin",https://plumgoodness.com/products/calendula-10-vitamin-c-barrier-boosting-glow-serum,
SVC038,"Niacinamide Clear & Bright Skin Combo | With Niacinamide & Rice Water | Toner, Serum, Gel Moisturizer & SPF 50 PA+++ Sunscreen",Plum,Combo,"Product 1: Acne & Blemish Control: Niacinamide (Vitamin B3) is proven to target spots, soothe acne, regulate sebum production & increase the resiliency of skin barrier (outer surface of skin).
Product 1: Enlarged Pores: Rice Ferment Extract (Japanese Sake) sourced from Japan, is a superstar ingredient that minimizes fine lines and wrinkles, reduces appearance of enlarged pores, clears blemishes, soothes redness and gives you visibly smoother skin.
Product 2: UVA & UVB PROTECTION: With SPF 50 and PA+++ protection, this sunscreen is infused with hybrid UV-filters i.e. a blend of physical and chemical sunscreen filters that not only protect skin from harmful ultraviolet (UVA & UVB) rays but also from photoaging & tanning.
Product 2: BRIGHTENS & REDUCES BLEMISHES: 2% Niacinamide in the formulation helps brighten skin, clear blemishes & spots. It is also powerpacked with fermented Rice Water & Vitamin B5 to improve skin texture and barrier function by providing necessary hydration to the skin.
Product 3: ALL-DAY, NON-GREASY MOISTURIZATION: The unique specialist gel formula gently hydrates the skin without stickiness, greasiness or tackiness.
Product 3: FADES BLEMISHES & BRIGHTENS SKIN: Niacinamide (Vitamin B3) at 2% helps brighten skin and clear blemishes, besides helping to fade post-acne marks. Rice water in the formula helps improve skin texture while keeping it soft & supple.",1509,4.2,"1. 3% Niacinamide & Rice Water Toner
Aqua (Water), Niacinamide (3%), Rice Ferment Extract, Avena Sativa (Oat) Extract, Glycerin, Propanediol, Allantoin, Panthenol, Sodium PCA, Ethylhexylglycerin, Phenoxyethanol

2. 2% Niacinamide Sunscreen SPF 50 PA++++
Aqua (Water), Niacinamide (2%), Rice Water Extract, Butyl Methoxydibenzoylmethane, Ethylhexyl Methoxycinnamate, Diethylamino Hydroxybenzoyl Hexyl Benzoate, Glycerin, Caprylic/Capric Triglyceride, Silica, Titanium Dioxide, Fragrance-Free Base, Preservatives

3. 2% Niacinamide Gel Moisturizer
Aqua (Water), Niacinamide (2%), Oryza Sativa (Rice) Extract, Opuntia Ficus-Indica (Cactus) Extract, Glycerin, Butylene Glycol, Propanediol, Panthenol, Carbomer, Sodium Hyaluronate, Allantoin, Squalane, Tocopherol (Vitamin E), Phenoxyethanol

4. 10% Niacinamide Serum
Aqua (Water), Niacinamide (10%), Rice Ferment Extract, Dipotassium Glycyrrhizate (Licorice), Propanediol, Glycerin, Squalane, Tocopherol (Vitamin E), Allantoin, Xanthan Gum, Phenoxyethanol, Ethylhexylglycerin","Brightening, Pore Refinement, Hydration, Soothing
Sun Protection, Anti-Aging, Oil Control, Brightening
Hydration, Soothing, Brightening, Skin Barrier Repair
Hyperpigmentation, Anti-Inflammatory, Skin Brightening, Texture Improvement","Niacinamide,Cactus water,Oat extract,Rice Water,Squalane & Vitamin E ","Free from Parabens,sulphate,mineral oil,alcohol,cruelty free","Niacinamide toner, alcohol-free, pore tightening, brightening toner, blemish control, hydrating toner, soothing toner, acne toner, Plum toner, vegan skincare
",All Skin Types,https://plumgoodness.com/products/niacinamide-clear-bright-skin-combo-with-niacinamide-rice-water-toner-serum-gel-moisturizer-spf-50-sunscreen-brightens-skin-fades-blemishes-for-all-skin-types-100-vegan,
SVC039,Plum Oat & Ceramide Complex 100% Mineral Sunscreen,Plum,Sunscreen,"Tailored for sensitive skin. Made with Zinc Oxide and Titanium Dioxide, it creates a gentle barrier against UVA and UVB rays, offering broad spectrum care for calm, healthy skin.
Chemistry that cares. With 5 powerful ceramides, this sunscreen strengthens your skinís barrier, repairs damage, and boosts hydration, leaving your skin soft and smooth.
The oat-most barrier care. With oat extracts this formula calms redness and irritation. Rich in vitamins and fatty acids it nourishes deeply leaving your skin healthy, hydrated and perfectly cared for.
A little love. A lot of protection. This lightweight, gel-cream sunscreen blends effortlessly into your skin for a smooth, even finish. You get all the comfort of a matte lookówithout any white cast.",629,3.9,"Aqua, Titanium Dioxide, Aluminium Hydroxide, Stearic Acid, C12-25 Alkyl Benzoate, Zinc Oxide, Ceteareth-20, Polysorbate-60, Cetearyl Alcohol, Propanediol, Methyl Gluceth-20, Glycerin, Avena Sativa (Oat) Kernel Extract, Cetyl-PG Hydroxyethyl Palmitamide, Ceramide EOP, Ceramide NS/NG, Ceramide NP, Ceramide AS, Ceramide AP, Cholesterol, Olive Oil Glycereth-8 Esters, Phenoxyethanol, Ethylhexylglycerin, Cyclopentasiloxane, Dimethicone Crosspolymer, Polyacrylate-13, Polyisobutene, Polysorbate-20, Dimethicone, Sodium Acrylates Copolymer, Lecithin, Sodium Gluconate, Laminaria Digitata (Oarweed) Extract, 1,2-Hexanediol, Hydrogenated Lecithin","Sun Protection, Barrier Repair, Hydration, Soothing, Anti-Inflammatory, Skin Strengthening","Zinc oxide, oat extract,ceramide complex,titanium dioxide",Free from Fragrance & Cruelty,"Mineral Sunscreen, SPF 50 PA+++, Sensitive Skin Safe, Oat Extract, Ceramide Complex, Zinc Oxide, Titanium Dioxide, Broad Spectrum Protection, UVA/UVB Protection, Skin Barrier Repair, Redness Relief, Anti-Irritation, Hydrating Sunscreen, Lightweight Gel-Cream, Non-Oily Finish, No White Cast, Matte Look, Fragrance-Free, Gentle Formula, Dermatologically Tested, Unisex Skincare, Soothing Sunscreen, Nourishing Sunscreen, 100% Vegan, Cruelty-Free",Sensitive skin,https://plumgoodness.com/products/plum-oat-ceramide-complex-100-mineral-sunscreen,
SVC040,"Plum Bright Years All-Day Defence SPF 50 PA++++ Sunscreen For Oily, Normal & Dry Skin",Plum,Sunscreen,"A multitasking for multitaskers. On a busy day, the last thing you should stress about is whether your skin is being taken care of, while you rush about. This white cast-free, hydrating spf 45, pa+++ cream with proven wrinkle fighters and plant stem cells is packed with the good stuff to help keep your skin hydrated, nourished, sun-protected and fighting fit through the bright years. Bright years: Age specialists from plum pro-skin, not anti-ageing. Skin that's more alive from within, not corrected on the surface. Plant stem cell extracts to improve skin renewal, clinically proven wrinkle-fighting natural actives and good old plant-derived hydrators. Combined smartly to keep the bright years rolling for longer. 100 percent vegan. As always experience the full bright years range here. Reasons to multi-tasking formula: Contains ingredients that hydrate, nourish, uv-protect and fight ageing of skin, high coverage from uvb (spf value of 45) and uva radiation (pa +++ rated) absorbs easily, without leaving a white cast. Buildable, stem cells derived from plants help rejuvenate the skin's own stem cells, leading to improved skin health and suppleness plant polypeptides and amino acids for smooth, even texture and spot reduction. Rich in antioxidants (vitamin e and olive derivatives) to help fight the effect of sun damage on skin, liquor ice extract aids in fighting pigmentation, aloe juice soothes and calms skin, convenient, purse-friendly pump pack. All Plum packaging is 100% recyclable. Once youíve used up all the goodness in your Plum bottles, send your empties to us and weíll recycle them",787,4.5,"Aqua, Ethylhexyl Methoxycinnamate, Butyl Methoxydibenzoylmethane, Licorice Root Extract, Tocopherol (Vitamin E), Glycerin, Plant Stem Cell Extracts, Caprylic/Capric Triglyceride, Cetearyl Alcohol, Carbomer, Phenoxyethanol, Ethylhexylglycerin","Sun Protection, Anti-Aging, Brightening, Hydration, Antioxidant, Soothing","Vitamin E, Licorice Extract, Plant Stem Cells","Mineral oil,Paraben free","Natural Sunscreen, SPF Protection, Broad Spectrum, Encapsulated Sunscreens, Vitamin E, Licorice Extract, Plant Stem Cells, UV Protection, Anti-Pigmentation, Hydrating Sunscreen, Anti-Aging Sunscreen, Dry Skin Sunscreen, Very Dry Skin, All Season Use, Paraben Free, Mineral Oil Free, SLS Free, Cruelty-Free, FDA Approved, Skin Brightening, Uneven Tone Repair, Sun Damage Control, Face & Body Sunscreen, Men & Women, For Mature Skin, Non-Greasy, Dermat tested","oily,normal& dry skin",https://plumgoodness.com/products/bright-years-all-day-defence-cream-spf-45-pa,
SVC041,"Bright Years Cell Renewal Serum | 100% Vegan, Cruelty Free",Plum,Serums,"A quick-absorbing, non-greasy face serum designed to hydrate, reduce signs of aging, and renew skin from within. Powered by plant stem cell extracts, sesame protein, and natural actives, this serum helps firm, smooth, and brighten the skin while reducing fine lines and spots. With hyaluronic acid and plant-based hydrators, it deeply nourishes without heaviness ó ideal for skin that wants to age well, not fast. 100% vegan and cruelty-free.",1417,4.6,"Aqua, Betain, Isodecyl Neopentanoate, Propanediol, Malus Domestica (Apple) Fruit Cell Culture Extract, Glycerin, Acrylates Copolymer & PVP/Polycarbamyl Polyglycol Ester, Hydrolyzed Sesame Protein PG - Propyl Methylsilanediol, Ethylhexyl Olivate, Sodium Acrylates Copolymer, Polyglyceryl-4 Olivate, Hydrolyzed Rice Protein, Hydrolyzed Pea Protein, Glycine, Proline, Hydrolyzed Hyaluronic Acid, Glycyrrhiza Glabra (Licorice) Root Extract, Argania Spinosa (Argan) Kernel Oil, Simmondsia Chinensis (Jojoba) Seed Oil, Xanthan Gum, Sodium Benzoate, Phenoxyethanol, Tocopheryl Acetate, Fragrance, Ethylhexylglycerin, Sodium Gluconate, CI 16255","Hydration, Anti-Aging, Brightening, Skin Repair, Soothing, Antioxidant, Nourishing","Plant Stem Cell Extracts, Hyaluronic Acid, Sesame Protein, Licorice Extract, Argan Oil, Vitamin E, Plant Betaine, Plant Polypeptides, Natural Amino Acids","Parabens, Phthalates, SLS, Salicylic Acid, Mineral Oil, Synthetic Colors, Cruelty (100% Cruelty-Free), Animal-Derived Ingredients (100% Vegan)","Anti-Aging Serum, Cell Renewal, Plant Stem Cells, Wrinkle Fighter, Skin Firming, Bright Years, Hydrating Serum, Hyaluronic Acid, Sesame Protein, Licorice Extract, Even Skin Tone, Pigmentation Care, Vegan Skincare, Cruelty-Free, Non-Greasy Serum, Quick Absorbing, Lightweight Hydration, Natural Actives, Spot Reduction, Smooth Texture, Skin Brightening, Skin Renewal, Deep Hydration, Argan Oil, Recyclable Packaging, Eco-Friendly Skincare, Salicylic Acid Free",Normal Skin,https://plumgoodness.com/products/bright-years-cell-renewal-serum,
SVC042,Lotus Organics+ Ultra Matte Mineral Sunscreen SPF 40 PA+++ - 100% Chemical Free,Lotus,Sunscreen,"Lotus Organics+ Ultra Matte Mineral Sunscreen , SPF 40 : A natural tint matte finish formulation specially curated for optimum protection against all forms of Sun induced damage. Certified Organic Cranberry extract gives a fresh & clean finish to the face, neck and hands. This water & sweat resistant formulation is perfect for water & outdoor activities.
",594,4.1,"Zinc Oxide (Certified Organic), Titanium Dioxide (Certified Organic), Cranberry Extract (Vaccinium macrocarpon), Botanical Extracts, Cold-Pressed Oils, Pure Butter, Steam-Distilled Essential Oils, Natural Emulsifiers, Natural Preservatives (if used), Natural Fragrance (if added), Iron Oxides (for tint), Aqua (Water)","Sun Protection, Antioxidant, Soothing, Nourishing, Natural & Gentle on Sensitive Skin",Organic Cranberry Extract.,"Preservatives-Free, Sulphate-Free, Paraben-Free, Cruelty-Free, Fragrance-Free (synthetic), Artificial Colors-Free, Non-Nano, 100% Vegan, Mineral Oil-Free, Alcohol-Free","Tinted Sunscreen, Matte Finish, SPF 40 PA+++, Broad Spectrum Protection, Zinc Oxide, Titanium Dioxide, Organic Cranberry, Vegan Skincare, Cruelty-Free, Preservative-Free, Water Resistant Sunscreen, Lightweight Sunscreen, Non-Greasy Formula, ECOCERT Certified, Organic Sunscreen, Natural Actives, Mineral Sunscreen, Botanical Extracts, Even-Toned Look, Skin Tint SPF, Non-Comedogenic, Recyclable Packaging, Cold-Pressed Oils, Organic Beauty",All Skin Types,"https://www.nykaa.com/lotus-organics-ultra-matte-mineral-sunscreen-spf-40-pa-100-chemical-free-certified-organic-actives-100gm/p/815044#:~:text=Lotus%20Organics-,Lotus%20Organics%2B%20Ultra%20Matte%20Mineral%20Sunscreen,PA%2B%2B%2B%20%2D%20100%25%20Chemical%20Free",
SVC043,Niacinamide Oil Balance Fluid Sunscreen | SPF50 PA++++,wishcare,Sunscreen,"Lightweight, matte sunscreen with SPF 50+ PA++++, enriched with Niacinamide, Zinc PCA & Oat Extract to control oil, prevent acne, and soothe sensitive skin. Fragrance-free, non-comedogenic & perfect for oily, acne-prone skin.
",495,4.8,"Niacinamide, Zinc PCA, Oat Extract, CICA (Centella Asiatica Extract), Ceramides, Hybrid UV Filters (e.g. Tinosorb S, Uvinul A Plus), Aqua, Glycerin, Biomimetic Emollients, Emulsifiers, Stabilizers, Non-Comedogenic Base, Natural Preservatives ","Oil Control, Soothing, Barrier Repair, Anti-Inflammatory, Sun Protection, Hydration, Non-Comedogenic","Niacinamide, Zinc PCA, CICA & Ceramides","Fragrance-Free, Non-Comedogenic, Cruelty-Free, Paraben-Free, Alcohol-Free, Sulphate-Free, Mineral Oil-Free, Non-Toxic, Vegan, No White Cast, Silicone-Free","SPF 50+ PA++++, Fluid Sunscreen, Niacinamide Sunscreen, Oil Control, Acne-Prone Skin, Oily Skin Sunscreen, Lightweight Sunscreen, Matte Finish, No White Cast, CICA Sunscreen, Ceramide-Based, Sensitive Skin Safe, 8 Hour Protection, Hybrid UV Filters, Non-Greasy Sunscreen, Fragrance-Free, Science-Forward Skincare, Vegan, Cruelty-Free, Oat Extract, Zinc PCA, Hydrating & Soothing, Advanced Sunscreen, Quick Absorbing, Summer Essential, Dermat Tested",All Skin Types,https://www.mywishcare.com/products/niacinamide-oil-balance-fluid-spf-50-sunscreen?srsltid=AfmBOoopftcSjqIbYwtUSk-9x6Ua4KRdUrnEcMl-trgxdpVQzE3Yvgz1,
SVC044,Clinikally SunProtect Sunscreen SPF 50/PA+++,Clinikally,Sunscreen,"Clinikally SunProtect Sunscreen SPF 50 PA+++ offers advanced broad-spectrum protection against UVA/UVB rays, Infrared Radiation, and Blue Light. Formulated for sensitive skin, itís non-comedogenic, sweat and water-resistant, and enriched with powerful antioxidants like Vitamin E and Green Tea Extract. Ceramides deeply hydrate, while InfraGuard shields against environmental stressors. Perfect for daily use on the face and body, it defends and nourishes your skin for a healthy, radiant complexion.",809,4.8,"Ethylhexyl Methoxycinnamate, InfraGuard (Tara Tannin + Sunflower Sprout Extract), Vitamin E (Tocopherol), Green Tea Extract, Ceramides, Emollients, Aqua, Glycerin, Preservatives, Stabilizers
","Sun Protection, Antioxidant, Soothing, Barrier Repair, Hydration, Anti-Aging","Amino acid complex,ceramide,green tea extract,infraguard"," Paraben, Silicone, Sulphate, Alcohol & Cruelty free","SPF 50 PA+++, Broad Spectrum, Dermatologist Recommended, UVA/UVB Protection, Non-Comedogenic, Sensitive Skin Safe, Lightweight Texture, Matte Finish, Water-Resistant, Anti-Tanning, No White Cast, Paraben-Free, Oxybenzone-Free, Daily Use Sunscreen, Clinikally",All Skin Types,https://www.clinikally.com/products/clinikally-sunprotect-sunscreen-spf-50-pa?variant=42970303234295,
